INSERT INTO PERSON (PERSON_ID, BIRTHDAY, EMAIL, FIRST_NAME, LAST_NAME, LOGIN)
VALUES (1, '1990-06-12', 'a1@a.com', 'Garry', 'Oldman', 'garryOldman');
INSERT INTO PERSON (PERSON_ID, BIRTHDAY, EMAIL, FIRST_NAME, LAST_NAME, LOGIN)
VALUES (2, '1991-03-08', 'a2@a.com', 'Tom', 'Jerry', 'tomJerry');
INSERT INTO PERSON (PERSON_ID, BIRTHDAY, EMAIL, FIRST_NAME, LAST_NAME, LOGIN)
VALUES (3, '1992-04-09', 'a3@a.com', 'Andy', 'Boy', 'andyBoy');
INSERT INTO PERSON (PERSON_ID, BIRTHDAY, EMAIL, FIRST_NAME, LAST_NAME, LOGIN)
VALUES (4, '1993-05-10', 'a4@a.com', 'Lana', 'Girl', 'lanaGirl');




INSERT INTO POST (POST_ID, CONTENT, PERSON_ID, PLACE_TIME, TITLE)
VALUES (1, 'Some content 1', 1, '2016-11-11 11:11:11', 'Some title 1');
INSERT INTO POST (POST_ID, CONTENT, PERSON_ID, PLACE_TIME, TITLE)
VALUES (2, 'Some content 2', 1, '2016-01-01 01:01:01', 'Some title 2');
INSERT INTO POST (POST_ID, CONTENT, PERSON_ID, PLACE_TIME, TITLE)
VALUES (3, 'Some content 3', 2, '2016-05-05 05:05:05', 'Some title 3');
INSERT INTO POST (POST_ID, CONTENT, PERSON_ID, PLACE_TIME, TITLE)
VALUES (4, 'Some content 4', 2, '2016-09-09 09:09:09', 'Some title 4');
INSERT INTO POST (POST_ID, CONTENT, PERSON_ID, PLACE_TIME, TITLE)
VALUES (5, 'Some content 5', 3, '2016-06-06 06:06:06', 'Some title 5');
INSERT INTO POST (POST_ID, CONTENT, PERSON_ID, PLACE_TIME, TITLE)
VALUES (6, 'Some content 6', 3, '2016-07-07 07:07:07', 'Some title 6');
INSERT INTO POST (POST_ID, CONTENT, PERSON_ID, PLACE_TIME, TITLE)
VALUES (7, 'Some content 7', 4, '2016-08-08 08:08:08', 'Some title 7');
INSERT INTO POST (POST_ID, CONTENT, PERSON_ID, PLACE_TIME, TITLE)
VALUES (8, 'Some content 8', 4, '2016-02-02 02:02:02', 'Some title 8');




INSERT INTO POST_LIKES (POST_ID, PERSON_ID)
VALUES (1, 1);
INSERT INTO POST_LIKES (POST_ID, PERSON_ID)
VALUES (1, 2);
INSERT INTO POST_LIKES (POST_ID, PERSON_ID)
VALUES (2, 3);
INSERT INTO POST_LIKES (POST_ID, PERSON_ID)
VALUES (2, 3);
INSERT INTO POST_LIKES (POST_ID, PERSON_ID)
VALUES (3, 2);
INSERT INTO POST_LIKES (POST_ID, PERSON_ID)
VALUES (3, 4);
INSERT INTO POST_LIKES (POST_ID, PERSON_ID)
VALUES (3, 3);
INSERT INTO POST_LIKES (POST_ID, PERSON_ID)
VALUES (4, 2);
INSERT INTO POST_LIKES (POST_ID, PERSON_ID)
VALUES (5, 3);
INSERT INTO POST_LIKES (POST_ID, PERSON_ID)
VALUES (5, 2);
INSERT INTO POST_LIKES (POST_ID, PERSON_ID)
VALUES (6, 1);
INSERT INTO POST_LIKES (POST_ID, PERSON_ID)
VALUES (6, 2);
INSERT INTO POST_LIKES (POST_ID, PERSON_ID)
VALUES (6, 3);
INSERT INTO POST_LIKES (POST_ID, PERSON_ID)
VALUES (6, 4);
INSERT INTO POST_LIKES (POST_ID, PERSON_ID)
VALUES (7, 1);
INSERT INTO POST_LIKES (POST_ID, PERSON_ID)
VALUES (8, 2);

COMMIT;

